{"t": [0.0, 0.01, 0.02, 0.03, 0.04, 0.05, 0.06, 0.07, 0.08, 0.09, 0.1, 0.11, 0.12, 0.13, 0.14, 0.15, 0.16, 0.17, 0.18, 0.19, 0.2, 0.21, 0.22, 0.23, 0.24, 0.25, 0.26, 0.27, 0.28, 0.29, 0.3, 0.31, 0.32, 0.33, 0.34, 0.35000000000000003, 0.36, 0.37, 0.38, 0.39, 0.4, 0.41000000000000003, 0.42, 0.43, 0.44, 0.45, 0.46, 0.47000000000000003, 0.48, 0.49, 0.5, 0.51, 0.52, 0.53, 0.54, 0.55, 0.56, 0.5700000000000001, 0.58, 0.59, 0.6, 0.61, 0.62, 0.63, 0.64, 0.65, 0.66, 0.67, 0.68, 0.6900000000000001, 0.7000000000000001, 0.71, 0.72, 0.73, 0.74, 0.75, 0.76, 0.77, 0.78, 0.79, 0.8, 0.81, 0.8200000000000001, 0.8300000000000001, 0.84, 0.85, 0.86, 0.87, 0.88, 0.89, 0.9, 0.91, 0.92, 0.93, 0.9400000000000001, 0.9500000000000001, 0.96, 0.97, 0.98, 0.99], "x": [0.0, 4.3489838289259275, -7.542783209645125, 8.821361707307679, -8.058182722444572, 5.752889878622468, -2.794231766120373, 0.10340106662229065, 1.6898140484218849, -2.411918974979918, 2.304758252236465, -1.8251162308875717, 1.3953003530650132, -1.2228985280565952, 1.26054849338951, -1.3012183763402878, 1.1396713747485405, -0.7069448664527871, 0.10984362426769567, 0.43531991862717956, -0.7280645431864671, 0.6935602560443447, -0.4164349413037979, 0.08398204293252076, 0.12457289644335301, -0.13755058210458826, 0.022671508414362274, 0.064992320651306, 0.0131264190627845, -0.28510346927603897, 0.6405073142808247, -0.8868699964163671, 0.8604348233726753, -0.5283183251225753, 0.021331679820172256, 0.42660308523953216, -0.6045200903324144, 0.4490424151983836, -0.09678438008765988, -0.17125383971942387, 0.07234160239378562, 0.5180785261710124, -1.4733777952573783, 2.4442396781160416, -3.0033971050444452, 2.841070108301754, -1.9162794554160574, 0.48728538491642065, 0.9977462945600823, -2.099448688194059, 2.5792323834669473, -2.490264864409097, 2.1227335386538972, -1.8318043068079088, 1.8366574283720876, -2.0949728958832936, 2.320184130791345, -2.1364739171173657, 1.2949249023196319, 0.160105765114176, -1.8641077630368388, 3.2673681378945294, -3.873370832105989, 3.468410897095729, -2.2306610324340523, 0.6625432531367587, 0.6255608355286973, -1.180521172925816, 0.8968741654211675, -0.044448931170697925, -0.8766771419171155, 1.381391249289945, -1.225876132042932, 0.5076537083701189, 0.4045307230169558, -1.0710934557174867, 1.2096028101281817, -0.8363330330115091, 0.25213239054306524, 0.11853149896703319, 0.046118029708736574, -0.7866006458063598, 1.820365801997037, -2.6586946346654896, 2.8276913970600646, -2.0898017007123157, 0.5637090751456115, 1.3101670270757444, -2.9394222786761066, 3.806118568922148, -3.651717234644501, 2.5487848463200216, -0.8441820741065645, -0.9847225404402308, 2.489168136954854, -3.3597150308028567, 3.461657542862789, -2.810835772306224, 1.5301028669054806, 0.17820171624034797], "(1/drop_ratio, error)": [[2, 154.43625681326427], [3, 159.4433281057815], [4, 177.02669202526516], [5, 190.01816038658026], [6, 192.80808487674517]], "(log(drop_ratio), log_error)": [[[-0.6931471805599453, 5.0397814339439595], [-1.0986122886681098, 5.071688549405837], [-1.3862943611198906, 5.176300523606918], [-1.6094379124341003, 5.247119648574916], [-1.791759469228055, 5.2616953153052535]]], "A": 4.863541050545969, "B": -0.22477941188921527, "-A / np.log(n)": -1.0561045203810293, "h": 0.01, "n": 100}